State,County_Name,County_Website_URL,Health_Department_Name,Health_Department_Contact_Email,Health_Department_Contact_Phone,Program_Name,Program_Category,Program_Description,Target_Population,Eligibility_Requirements,Application_Process,Required_Documentation,Financial_Assistance_Available,Program_Website_URL,Last_Updated,Data_Collector_Name,Notes
California,Merced,https://www.co.merced.ca.us/,Merced County Community Action Agency - Mariposa WIC,Not found,(800) 472-2321,WIC Program,Tier 1 — Universal,"WIC, the Women, Infants, and Children Program, is a nutrition education and food supplement program that helps lower income pregnant women, new mothers, infants and young children eat well and stay healthy.","Low-income pregnant women, new mothers, infants and young children",Not specified,Not specified,Not specified,Yes,https://wicprogram.us/wic-programs-state/california,2026-03-16,Swindar,
California,Merced,https://www.co.merced.ca.us/,Merced County Community Action Agency - Mariposa WIC,Not found,(800) 472-2321,"Women, Infants, and Children (WIC) program",Tier 1 — Universal,"WIC is a federal assistance program under the USDA that provides nutritious food, nutrition education, breastfeeding support, and referrals to health and social services.","Low-income pregnant and postpartum women, infants, and children up to age 5 who are at nutritional risk.",Not specified,Not specified,Not specified,Yes,https://wicprogram.us/resources/how-wic-works-with-local-food-banks-and-pantries,2026-03-16,Swindar,
California,Merced,https://www.co.merced.ca.us/,Merced County Community Action Agency - Mariposa WIC,Not found,(800) 472-2321,"WIC (Women, Infants, and Children)",Tier 1 — Universal,"WIC is a federal assistance program that provides nutritious foods, nutrition education, and support to low-income pregnant women, new mothers, infants, and children up to age five.","Low-income pregnant women, new mothers, infants, and children up to age five.",Not specified,Not specified,"medical documentation form filled out by a physician, nurse practitioner, or physician assistant",Yes,https://wicprogram.us/resources/managing-food-allergies-with-wic,2026-03-16,Swindar,
California,Merced,https://www.co.merced.ca.us/,Merced County Community Action Agency - Mariposa WIC,Not found,(800) 472-2321,California WIC Program,Tier 1 — Universal,"WIC helps pregnant women, new mothers and young children eat well, stay healthy and be active.","Low-income pregnant, postpartum, and breastfeeding women; infants and children",Not specified,Not specified,Not specified,Yes,https://wicprogram.us/wic_programs-city/mariposa_ca,2026-03-16,Swindar,
California,Merced,https://www.co.merced.ca.us/,Merced County Community Action Agency - Mariposa WIC,Not found,(800) 472-2321,WIC Program,Tier 1 — Universal,"Special Supplemental Nutrition Program for Women, Infants, and Children.","Low-income pregnant, postpartum, and breastfeeding women; infants and children.",Not specified,Not specified,Not specified,Yes,https://wicprogram.us/user/new,2026-03-16,Swindar,
California,Merced,https://www.co.merced.ca.us/,Merced County Community Action Agency - Mariposa WIC,Not found,(800) 472-2321,WIC,Tier 1 — Universal,"WIC helps pregnant women, new mothers and young children eat well, stay healthy and be active.","Low-income pregnant, postpartum, and breastfeeding women; infants and children",Not specified,Not specified,Not specified,Yes,https://wicprogram.us/program/update?id=5847,2026-03-16,Swindar,
California,Merced,https://www.co.merced.ca.us/,Merced County Community Action Agency - Mariposa WIC,Not found,(800) 472-2321,"Special Supplemental Nutrition Program for Women, Infants, and Children",Tier 1 — Universal,"The Special Supplemental Nutrition Program for Women, Infants, and Children (WIC) is a federal assistance program designed to support low-income pregnant women, breastfeeding mothers, infants, and young children up to the age of five.","Low-income pregnant, postpartum, and breastfeeding women; infants and children up to five years old.",Families must have an income at or below 185% of the federal poverty level; applicants must reside in the state where they are applying for WIC benefits.,"Interested individuals can apply through local WIC offices, community health centers, or public health departments.","Proof of income, residency, and identity is required.",Yes,https://wicprogram.us/resources/what-is-wic-an-overview-of-the-program,2026-03-16,Swindar,
California,Merced,https://www.co.merced.ca.us/,Merced County Community Action Agency - Mariposa WIC,Not found,(800) 472-2321,WIC program,Universal,"The WIC program is a federally funded nutrition assistance initiative offering healthy food benefits, nutrition education, breastfeeding support, and healthcare referrals to eligible participants.","Low-income pregnant, postpartum, and breastfeeding women; infants and children under the age of five.",Not specified,Not specified,Not specified,Yes,https://wicprogram.us/resources/wic-approved-foods-a-complete-list,2026-03-16,Swindar,
California,Merced,https://www.co.merced.ca.us/,Merced County Community Action Agency - Mariposa WIC,Not found,(800) 472-2321,WIC Breastfeeding Support,Universal,"WIC offers support for breastfeeding mothers, including classes and resources.","Low-income pregnant, postpartum, and breastfeeding women; infants and children",Not specified,Not specified,Not specified,Yes,https://wicprogram.us/resources/breastfeeding-vs-formula-what-wic-moms-need-to-know,2026-03-16,Swindar,
California,Glenn,https://www.countyofglenn.net/,Glenn County Health and Human Services Agency,Not found,Not found,"Special Supplemental Nutrition Program for Women, Infants, and Children",Universal,"The Special Supplemental Nutrition Program for Women, Infants, and Children (WIC) is a federal assistance program designed to support low-income pregnant women, breastfeeding mothers, infants, and young children up to the age of five.","Low-income pregnant women, breastfeeding mothers, infants, and children up to age five",Not specified,Not specified,Not specified,Yes,https://wicprogram.us/resources/category/general,2026-03-16,Swindar,
California,Glenn,https://www.countyofglenn.net/,Glenn County Health and Human Services Agency,Not found,Not found,"Special Supplemental Nutrition Program for Women, Infants, and Children",Tier 1 — Universal,"The WIC program provides nutritional support and education to low-income pregnant, postpartum, and breastfeeding women, as well as infants and children.","Low-income pregnant, postpartum, and breastfeeding women; infants and children",Not specified,Not specified,Not specified,Yes,https://wicprogram.us/privacy,2026-03-16,Swindar,
California,Glenn,https://www.countyofglenn.net/,Glenn County Health and Human Services Agency,Not found,Not found,WIC Program,Tier 1 — Universal,"Special Supplemental Nutrition Program for Women, Infants, and Children.","Low-income pregnant, postpartum, and breastfeeding women; infants and children.",Not specified,Not specified,Not specified,Yes,https://wicprogram.us/contact?id=6078,2026-03-16,Swindar,
California,Glenn,https://www.countyofglenn.net/,Glenn County Health and Human Services Agency,Not found,Not found,"Special Supplemental Nutrition Program for Women, Infants, and Children",Universal,"The Special Supplemental Nutrition Program for Women, Infants, and Children (WIC) is a federal assistance program designed to support low-income pregnant women, breastfeeding mothers, infants, and young children up to the age of five.","Low-income pregnant women, breastfeeding mothers, infants, and young children up to age five.",Not specified,Not specified,Not specified,Yes,https://wicprogram.us/resources,2026-03-16,Swindar,
California,Glenn,https://www.countyofglenn.net/,Glenn County Health and Human Services Agency,Not found,Not found,WIC,Tier 1 — Universal,WIC provides special checks for nutritious foods and nutrition assessment and education.,"Low-income pregnant, postpartum, and breastfeeding women; infants and children",Not specified,Not specified,Not specified,Yes,https://wicprogram.us/program/update?id=6078,2026-03-16,Swindar,
California,Glenn,https://www.countyofglenn.net/,Glenn County Health and Human Services Agency,Not found,Not found,WIC Program,Tier 1 — Universal,WIC is a program that provides supplemental foods for low-income breastfeeding or expectant women and their preschool children.,"Low-income pregnant, postpartum, and breastfeeding women; infants and children under 5 years.",Must meet low-income criteria and health assessment by a professional.,Contact your state agency to reserve an appointment.,Not specified,Yes,https://wicprogram.us/about,2026-03-16,Swindar,
California,Sutter,https://www.suttercounty.org/,Sutter County Human Services Department,Not found,(530) 822-7224,WIC,Tier 1 — Universal,"WIC is a federally-funded health and nutrition program for women, infants, and children.","Low-income pregnant, postpartum, and breastfeeding women; infants and children under age five.","Participants must meet income guidelines and be pregnant women, new mothers, infants or children under age five.",Not specified,Not specified,Yes,https://wicprogram.us/wic-program-provider/sutter_county_human_services_department_wic_at_richland_migrant_center_yuba_city_ca,2026-03-16,Swindar,
California,Sutter,https://www.suttercounty.org/,Sutter County Human Services Department,Not found,(530) 822-7224,WIC,Tier 1 — Universal,"WIC is a federally-funded health and nutrition program for women, infants, and children.","Low-income pregnant, postpartum, and breastfeeding women; infants and children under age five.","Participants must meet income guidelines and be pregnant women, new mothers, infants or children under age five.",Not specified,Not specified,Yes,https://wicprogram.us/wic-program-provider/sutter_county_human_services_department_sutter_county_health_department_wic_yuba_city_ca,2026-03-16,Swindar,
California,Los Angeles,https://www.lacounty.gov/,Los Angeles County Department of Public Health,YouthAdvisoryCouncil@ph.lacounty.gov,(213) 639-6448,AAIMM Doula Program,Selective,The AAIMM Doula Program offers free doula support to Black/African American pregnant individuals to improve birth outcomes.,Black/African American pregnant individuals in Los Angeles County,"18 or older (or foster youth), pregnant person, self-identifying as Black/African American and live in Los Angeles County.",Contact program staff at the provided phone number or email.,Not specified,Yes,https://www.blackinfantsandfamilies.org/doulas,2026-03-16,Swindar,
California,Los Angeles,https://www.lacounty.gov/,Los Angeles County Department of Public Health,YouthAdvisoryCouncil@ph.lacounty.gov,(213) 639-6448,Black Infant Health,Tier 3 — Selective,A program aimed at addressing the higher rates of infant mortality among Black/African American women.,Black/African American women of childbearing age,Not specified,Not specified,Not specified,Unknown,http://publichealth.lacounty.gov/mch/CAH/PYD/Youth Advisory Council-About.htm,2026-03-16,Swindar,
California,Los Angeles,https://www.lacounty.gov/,Los Angeles County Department of Public Health,YouthAdvisoryCouncil@ph.lacounty.gov,(213) 639-6448,Nurse-Family Partnership (NFP),Tier 3 — Selective,"A program providing home visiting services by registered nurses to first-time, low-income pregnant women.","First-time, low-income pregnant women",Enrolled by 28 weeks gestation,Not specified,Not specified,Unknown,http://publichealth.lacounty.gov/mch/CAH/PYD/Youth Advisory Council-About.htm,2026-03-16,Swindar,
California,Los Angeles,https://www.lacounty.gov/,Los Angeles County Department of Public Health,YouthAdvisoryCouncil@ph.lacounty.gov,(213) 639-6448,Fetal Infant Mortality Review (FIMR) Program,Tier 3 — Selective,A program that conducts retrospective reviews of fetal and infant deaths to improve health outcomes.,Indirectly benefits all pregnant women,Not specified,Not specified,Not specified,Unknown,http://publichealth.lacounty.gov/mch/CAH/PYD/Youth Advisory Council-About.htm,2026-03-16,Swindar,
California,Los Angeles,https://www.lacounty.gov/,Los Angeles County Department of Public Health,YouthAdvisoryCouncil@ph.lacounty.gov,(213) 639-6448,Doula Program,UNMATCHED,The Doula Program provides support to pregnant individuals through trained doulas.,Pregnant individuals in Los Angeles County,Not specified,Not specified,Not specified,Unknown,http://publichealth.lacounty.gov/mch/AAIMM/aaimm-new.htm,2026-03-16,Swindar,
California,Los Angeles,https://www.lacounty.gov/,Los Angeles County Department of Public Health,YouthAdvisoryCouncil@ph.lacounty.gov,(213) 639-6448,Fatherhood Support,UNMATCHED,Fatherhood Support aims to engage and support fathers in the parenting process.,Fathers in Los Angeles County,Not specified,Not specified,Not specified,Unknown,http://publichealth.lacounty.gov/mch/AAIMM/aaimm-new.htm,2026-03-16,Swindar,
California,Los Angeles,https://www.lacounty.gov/,Los Angeles County Department of Public Health,YouthAdvisoryCouncil@ph.lacounty.gov,(213) 639-6448,Breast / Chestfeeding Support,UNMATCHED,Breast / Chestfeeding Support provides resources and assistance to new parents.,New parents in Los Angeles County,Not specified,Not specified,Not specified,Unknown,http://publichealth.lacounty.gov/mch/AAIMM/aaimm-new.htm,2026-03-16,Swindar,
California,Los Angeles,https://www.lacounty.gov/,Los Angeles County Department of Public Health,YouthAdvisoryCouncil@ph.lacounty.gov,(213) 639-6448,The Village Fund,UNMATCHED,The Village Fund provides financial support to families in need.,Families in Los Angeles County,Not specified,Not specified,Not specified,Yes,http://publichealth.lacounty.gov/mch/AAIMM/aaimm-new.htm,2026-03-16,Swindar,
California,Los Angeles,https://www.lacounty.gov/,Los Angeles County Department of Public Health,YouthAdvisoryCouncil@ph.lacounty.gov,(213) 639-6448,Comprehensive Perinatal Services Program (CPSP),Tier 1 — Universal,"CPSP provides a wide range of culturally competent services to Medi-Cal pregnant women, from conception through 1 year postpartum.",Medi-Cal pregnant women,Medi-Cal eligibility,Patients enrolled in a managed care health plan should contact their plan for referral to a contracting physician.,Not specified,Yes,http://publichealth.lacounty.gov/mch/cpsp/CPSPwebpages/cpsp_rev.htm,2026-03-16,Swindar,
California,Los Angeles,https://www.lacounty.gov/,Los Angeles County Department of Public Health,YouthAdvisoryCouncil@ph.lacounty.gov,(213) 639-6448,Comprehensive Perinatal Services Program (CPSP),Tier 1 — Universal,"The Comprehensive Perinatal Services Program (CPSP) is an enhanced obstetrical program for Medi-Cal eligible pregnant women that includes health education, nutrition, and psychosocial assessments and interventions.",Medi-Cal eligible pregnant women,Must be Medi-Cal eligible,Not specified,Not specified,Yes,http://www.publichealth.lacounty.gov/mch/CPSP/cpspproviders/providerlist.htm,2026-03-16,Swindar,
California,Los Angeles,https://www.lacounty.gov/,Los Angeles County Department of Public Health,YouthAdvisoryCouncil@ph.lacounty.gov,(213) 639-6448,Black Infant Health,Tier 3 — Selective,The Black Infant Health Program addresses the higher rates of infant mortality among Black/African American women of childbearing age.,Black/African American women of childbearing age,Not specified,Not specified,Not specified,Unknown,http://www.publichealth.lacounty.gov/mch/CPSP/cpspproviders/providerlist.htm,2026-03-16,Swindar,
California,Los Angeles,https://www.lacounty.gov/,Los Angeles County Department of Public Health,YouthAdvisoryCouncil@ph.lacounty.gov,(213) 639-6448,Nurse-Family Partnership (NFP),Tier 3 — Selective,"Nurse-Family Partnership is a program that provides home visiting services to first-time, low-income pregnant women.","First-time, low-income pregnant women",Enrolled by 28 weeks gestation,Not specified,Not specified,Unknown,http://www.publichealth.lacounty.gov/mch/CPSP/cpspproviders/providerlist.htm,2026-03-16,Swindar,
California,Los Angeles,https://www.lacounty.gov/,Los Angeles County Department of Public Health,YouthAdvisoryCouncil@ph.lacounty.gov,(213) 639-6448,Fetal Infant Mortality Review (FIMR) Program,Tier 3 — Selective,The Fetal and Infant Mortality Review Program conducts retrospective reviews of fetal and infant deaths.,Not specified,Not specified,Not specified,Not specified,Unknown,http://www.publichealth.lacounty.gov/mch/CPSP/cpspproviders/providerlist.htm,2026-03-16,Swindar,
California,Los Angeles,https://www.lacounty.gov/,Los Angeles County Department of Public Health,YouthAdvisoryCouncil@ph.lacounty.gov,(213) 639-6448,African American Infant and Maternal Mortality Prevention Initiative (AAIMM),Maternal Health,"Provides culturally competent, complimentary support to Black/African American pregnant residents of LA County.",Black/African American pregnant residents of LA County,Not specified,Not specified,Not specified,Unknown,http://publichealth.lacounty.gov/mch/#support,2026-03-16,Swindar,
California,Los Angeles,https://www.lacounty.gov/,Los Angeles County Department of Public Health,YouthAdvisoryCouncil@ph.lacounty.gov,(213) 639-6448,Black Infant Health,Maternal Health,Prenatal and postpartum services for black women 16 years or older to encourage healthy behaviors during pregnancy.,Black women 16 years or older,Not specified,Not specified,Not specified,Unknown,http://publichealth.lacounty.gov/mch/#support,2026-03-16,Swindar,
California,Los Angeles,https://www.lacounty.gov/,Los Angeles County Department of Public Health,YouthAdvisoryCouncil@ph.lacounty.gov,(213) 639-6448,Comprehensive Perinatal Services Program,Maternal Health,Statewide comprehensive perinatal services program offering technical support and resources to LA County providers.,Pregnant individuals and providers in LA County,Not specified,Not specified,Not specified,Unknown,http://publichealth.lacounty.gov/mch/#support,2026-03-16,Swindar,
California,Los Angeles,https://www.lacounty.gov/,Los Angeles County Department of Public Health,YouthAdvisoryCouncil@ph.lacounty.gov,(213) 639-6448,Home Visiting Programs,Maternal Health,"From pregnancy through age 5, our FREE home visiting programs bring support right to you.",Pregnant individuals and families with children up to age 5,Not specified,Not specified,Not specified,Unknown,http://publichealth.lacounty.gov/mch/#support,2026-03-16,Swindar,
California,Los Angeles,https://www.lacounty.gov/,Los Angeles County Department of Public Health,YouthAdvisoryCouncil@ph.lacounty.gov,(213) 639-6448,Black Infant Health Program,Tier 3 — Selective,Addresses the higher rates of infant mortality among Black/African American women.,Black/African American women of childbearing age,Not specified,Not specified,Not specified,Unknown,http://publichealth.lacounty.gov/mch/docs/black_infant_health_program-LA_county_subcontractors.pdf,2026-03-16,Swindar,
California,Los Angeles,https://www.lacounty.gov/,Los Angeles County Department of Public Health,YouthAdvisoryCouncil@ph.lacounty.gov,(213) 639-6448,Comprehensive Perinatal Services Program (CPSP),Tier 1 — Universal,"The Comprehensive Perinatal Services Program (CPSP) is an enhanced obstetrical program for Medi-Cal eligible pregnant women that includes health education, nutrition, and psychosocial assessments and interventions.",Medi-Cal eligible pregnant women,Medi-Cal eligibility,Not specified,Not specified,Yes,http://publichealth.lacounty.gov/mch/cpsp/cpspproviders/providerlist.htm,2026-03-16,Swindar,
California,Los Angeles,https://www.lacounty.gov/,Los Angeles County Department of Public Health,YouthAdvisoryCouncil@ph.lacounty.gov,(213) 639-6448,Black Infant Health,Tier 3 — Selective,Black Infant Health (BIH) addresses the higher rates of infant mortality among Black/African American women.,Black/African American women of childbearing age,Not specified,Not specified,Not specified,Unknown,http://publichealth.lacounty.gov/mch/cpsp/cpspproviders/providerlist.htm,2026-03-16,Swindar,
California,Los Angeles,https://www.lacounty.gov/,Los Angeles County Department of Public Health,YouthAdvisoryCouncil@ph.lacounty.gov,(213) 639-6448,Nurse-Family Partnership (NFP),Tier 3 — Selective,"Nurse-Family Partnership (NFP) provides home visiting services by registered nurses to first-time, low-income pregnant women.","First-time, low-income pregnant women",Enrolled by 28 weeks gestation,Not specified,Not specified,Unknown,http://publichealth.lacounty.gov/mch/cpsp/cpspproviders/providerlist.htm,2026-03-16,Swindar,
California,Los Angeles,https://www.lacounty.gov/,Los Angeles County Department of Public Health,YouthAdvisoryCouncil@ph.lacounty.gov,(213) 639-6448,Fetal Infant Mortality Review (FIMR) Program,Tier 3 — Selective,Fetal Infant Mortality Review (FIMR) Program conducts retrospective reviews of fetal and infant deaths.,Indirectly benefits all pregnant women,Not specified,Not specified,Not specified,Unknown,http://publichealth.lacounty.gov/mch/cpsp/cpspproviders/providerlist.htm,2026-03-16,Swindar,
California,Los Angeles,https://www.lacounty.gov/,Los Angeles County Department of Public Health,YouthAdvisoryCouncil@ph.lacounty.gov,(213) 639-6448,Black Infant Health Program,Tier 3 — Selective,Program addressing the health disparities faced by Black/African American women and their infants.,Black/African American women of childbearing age; addresses 3-4x higher Black maternal and infant mortality rates.,Not specified,Not specified,Not specified,Unknown,http://publichealth.lacounty.gov/mch/BIH/BIH%20%20SUBCONTRACTOR%20CONTACT%20INFORMATION%202017.pdf,2026-03-16,Swindar,
California,Los Angeles,https://www.lacounty.gov/,Los Angeles County Department of Public Health,YouthAdvisoryCouncil@ph.lacounty.gov,(213) 639-6448,Comprehensive Perinatal Services Program (CPSP),Tier 1 — Universal,"The Comprehensive Perinatal Services Program (CPSP) provides a wide range of culturally competent services to Medi-Cal pregnant women, from conception through 1 year postpartum.",Medi-Cal pregnant women,Medi-Cal eligibility,Not specified,Not specified,Yes,https://admin.publichealth.lacounty.gov/mch/cpsp/CPSPwebpages/cpsp_rev.htm,2026-03-16,Swindar,
California,Los Angeles,https://www.lacounty.gov/,Los Angeles County Department of Public Health,YouthAdvisoryCouncil@ph.lacounty.gov,(213) 639-6448,Parents as Teachers,Selective,"The program provides mandated follow-up and support services through public health nurses and social workers, including education about SIDS and referrals to community resources.","Families coping with infant loss, including both adults and children.",Not specified,Not specified,Not specified,Unknown,http://publichealth.lacounty.gov/mch/sids/sids.htm,2026-03-16,Swindar,
California,Los Angeles,https://www.lacounty.gov/,Los Angeles County Department of Public Health,YouthAdvisoryCouncil@ph.lacounty.gov,(213) 639-6448,Nurse Family Partnership (NFP),Tier 3 — Selective,The Nurse-Family Partnership (NFP) Program is an evidence-based model program that helps young women take better care of themselves and their babies.,"High-risk, low-income pregnant youth/women living in poverty.",Not specified,Families are followed and supported using an intensive home visiting schedule until the child reaches the age of 2 years old.,Not specified,Yes,http://publichealth.lacounty.gov/mch/homevisiting.htm#confidential,2026-03-16,Swindar,
California,Los Angeles,https://www.lacounty.gov/,Los Angeles County Department of Public Health,YouthAdvisoryCouncil@ph.lacounty.gov,(213) 639-6448,Parents as Teachers (PAT),Tier 3 — Selective,Parents as Teachers (PAT) is a home-visiting program that provides parents and caregivers with information and support to help them become their child’s first and most important teacher.,Parents and caregivers of children from birth to age 5.,Not specified,Not specified,Not specified,Yes,http://publichealth.lacounty.gov/mch/homevisiting.htm#confidential,2026-03-16,Swindar,
California,Los Angeles,https://www.lacounty.gov/,Los Angeles County Department of Public Health,YouthAdvisoryCouncil@ph.lacounty.gov,(213) 639-6448,Healthy Families America (HFA),Tier 3 — Selective,"Healthy Families America (HFA) is a nationally recognized, evidence-based home visiting program aimed at preventing child abuse and neglect by providing support to parents during the critical early years of their child's development.",Families with newborns up to 3 months.,Families are eligible to receive HFA services beginning prenatally or within three months of birth.,Not specified,Not specified,Yes,http://publichealth.lacounty.gov/mch/homevisiting.htm#confidential,2026-03-16,Swindar,
California,Los Angeles,https://www.lacounty.gov/,Los Angeles County Department of Public Health,YouthAdvisoryCouncil@ph.lacounty.gov,(213) 639-6448,Project HOPE,UNMATCHED,"Project HOPE is a pilot program to support families experiencing homelessness, providing essential support during pregnancy and the early stages of childbearing.",Unhoused or unstable housing families.,Pregnant or parenting with children through age 4 and reside in LA county.,Complete the Confidential Referral Form and submit via email.,Confidential Referral Form,Unknown,http://publichealth.lacounty.gov/mch/homevisiting.htm#confidential,2026-03-16,Swindar,
California,Los Angeles,https://www.lacounty.gov/,Los Angeles County Department of Public Health,YouthAdvisoryCouncil@ph.lacounty.gov,(213) 639-6448,Nurse Family Partnership (NFP),Tier 3 — Selective,The Nurse-Family Partnership (NFP) Program is an evidence-based model program that helps young women take better care of themselves and their babies.,"High-risk, low income pregnant youth/women living in poverty.",Not specified,Families are followed and supported using an intensive home visiting schedule until the child reaches the age of 2 years old.,Not specified,Yes,http://publichealth.lacounty.gov/mch/homevisiting.htm,2026-03-16,Swindar,
California,Los Angeles,https://www.lacounty.gov/,Los Angeles County Department of Public Health,YouthAdvisoryCouncil@ph.lacounty.gov,(213) 639-6448,Parents as Teachers (PAT),Tier 3 — Selective,Parents as Teachers (PAT) is a home-visiting program that provides parents and caregivers with information and support to help them become their child’s first and most important teacher.,Parents and caregivers of children from birth to age 5.,Not specified,Not specified,Not specified,Yes,http://publichealth.lacounty.gov/mch/homevisiting.htm,2026-03-16,Swindar,
California,Los Angeles,https://www.lacounty.gov/,Los Angeles County Department of Public Health,YouthAdvisoryCouncil@ph.lacounty.gov,(213) 639-6448,Healthy Families America (HFA),Tier 3 — Selective,"Healthy Families America (HFA) is a nationally recognized, evidence-based home visiting program aimed at preventing child abuse and neglect by providing support to parents during the critical early years of their child's development.",Families with newborns up to 3 months.,Families are eligible to receive HFA services beginning prenatally or within three months of birth.,Not specified,Not specified,Yes,http://publichealth.lacounty.gov/mch/homevisiting.htm,2026-03-16,Swindar,
California,Los Angeles,https://www.lacounty.gov/,Los Angeles County Department of Public Health,YouthAdvisoryCouncil@ph.lacounty.gov,(213) 639-6448,Project HOPE,UNMATCHED,"Project HOPE is a pilot program to support families experiencing homelessness, providing essential support during pregnancy and the early stages of childbearing.",Families experiencing homelessness.,Unhoused or unstable housing & at least ONE of the following criteria need to be met: Pregnant or Parenting with children through age 4.,Complete the Confidential Referral Form and submit via email.,Confidential Referral Form,Unknown,http://publichealth.lacounty.gov/mch/homevisiting.htm,2026-03-16,Swindar,
California,Los Angeles,https://www.lacounty.gov/,Los Angeles County Department of Public Health,YouthAdvisoryCouncil@ph.lacounty.gov,(213) 639-6448,CPSP Program Trainings,Selective,"The trainings include an overview of the CPSP program, along with an in-depth explanation on how to complete the LA County's protocols and assessment forms.",CPSP providers and their clients/patients,Not specified,Not specified,Not specified,Unknown,https://admin.publichealth.lacounty.gov/mch/cpsp/CPSPwebpages/cpsp_training.htm,2026-03-16,Swindar,
California,Los Angeles,https://www.lacounty.gov/,Los Angeles County Department of Public Health,YouthAdvisoryCouncil@ph.lacounty.gov,(213) 639-6448,Black Infant Health,Tier 3 — Selective,A program aimed at addressing the higher rates of infant mortality among Black/African American women.,Black/African American women of childbearing age,Not specified,Not specified,Not specified,Unknown,http://publichealth.lacounty.gov/mch/cpsp/CPSPwebpages/cpsp_rev.htm,2026-03-16,Swindar,
California,Los Angeles,https://www.lacounty.gov/,Los Angeles County Department of Public Health,YouthAdvisoryCouncil@ph.lacounty.gov,(213) 639-6448,Nurse-Family Partnership,Tier 3 — Selective,"A program that provides home visiting services by registered nurses to first-time, low-income pregnant women.","First-time, low-income pregnant women",Enrolled by 28 weeks gestation,Not specified,Not specified,Unknown,http://publichealth.lacounty.gov/mch/cpsp/CPSPwebpages/cpsp_rev.htm,2026-03-16,Swindar,
California,Los Angeles,https://www.lacounty.gov/,Los Angeles County Department of Public Health,YouthAdvisoryCouncil@ph.lacounty.gov,(213) 639-6448,Fetal Infant Mortality Review,Tier 3 — Selective,A program that conducts retrospective reviews of fetal and infant deaths to improve health outcomes.,Indirectly benefits all pregnant women,Not specified,Not specified,Not specified,Unknown,http://publichealth.lacounty.gov/mch/cpsp/CPSPwebpages/cpsp_rev.htm,2026-03-16,Swindar,
California,Los Angeles,https://www.lacounty.gov/,Los Angeles County Department of Public Health,YouthAdvisoryCouncil@ph.lacounty.gov,(213) 639-6448,Comprehensive Perinatal Services Program,UNMATCHED,A program providing comprehensive services for pregnant women to ensure healthy pregnancies and births.,Pregnant women,Not specified,Not specified,Not specified,Unknown,http://publichealth.lacounty.gov/mch/cpsp/CPSPwebpages/cpsp_rev.htm,2026-03-16,Swindar,
California,Los Angeles,https://www.lacounty.gov/,Los Angeles County Department of Public Health,YouthAdvisoryCouncil@ph.lacounty.gov,(213) 639-6448,Black Infant Health,Tier 3 — Selective,A program aimed at addressing the higher rates of infant mortality among Black/African American women.,Black/African American women of childbearing age,Not specified,Not specified,Not specified,Unknown,http://publichealth.lacounty.gov/mch/choi/choi.htm,2026-03-16,Swindar,
California,Los Angeles,https://www.lacounty.gov/,Los Angeles County Department of Public Health,YouthAdvisoryCouncil@ph.lacounty.gov,(213) 639-6448,Fetal Infant Mortality Review (FIMR) Program,Tier 3 — Selective,A program that conducts retrospective reviews of fetal and infant deaths to improve maternal and infant health.,Not specified,Not specified,Not specified,Not specified,Unknown,http://publichealth.lacounty.gov/mch/choi/choi.htm,2026-03-16,Swindar,
California,Los Angeles,https://www.lacounty.gov/,Los Angeles County Department of Public Health,YouthAdvisoryCouncil@ph.lacounty.gov,(213) 639-6448,Nurse-Family Partnership (NFP),Tier 3 — Selective,"A program that provides home visiting services by registered nurses to first-time, low-income pregnant women.","First-time, low-income pregnant women enrolled by 28 weeks gestation",Not specified,Not specified,Not specified,Unknown,http://publichealth.lacounty.gov/mch/choi/choi.htm,2026-03-16,Swindar,
California,Los Angeles,https://www.lacounty.gov/,Los Angeles County Department of Public Health,YouthAdvisoryCouncil@ph.lacounty.gov,(213) 639-6448,Black Infant Health Program,Tier 3 — Selective,The Black Infant Health Program (BIH) aims to reduce the high rate of infant mortality for African American families through culturally specific perinatal intervention.,Pregnant African American women 18 years of age and older living in the designated service areas.,Pregnant African American women 18 years of age and older living in the designated service areas.,Not specified,Not specified,Unknown,http://publichealth.lacounty.gov/mch/BIH/bih.htm,2026-03-16,Swindar,
California,Los Angeles,https://www.lacounty.gov/,Los Angeles County Department of Public Health,YouthAdvisoryCouncil@ph.lacounty.gov,(213) 639-6448,African American Infant and Maternal Mortality Prevention Initiative (AAIMM),Tier 3 — Selective,"The AAIMM Doula Program provides culturally competent, complimentary support to Black/African American pregnant residents of LA County.",Black/African American pregnant residents of LA County,Not specified,Click here to learn more,Not specified,Unknown,http://publichealth.lacounty.gov/mch/#main-content,2026-03-16,Swindar,
California,Los Angeles,https://www.lacounty.gov/,Los Angeles County Department of Public Health,YouthAdvisoryCouncil@ph.lacounty.gov,(213) 639-6448,Black Infant Health,Tier 3 — Selective,Prenatal and postpartum services for black women 16 years or older to encourage healthy behaviors during pregnancy.,Black women 16 years or older,Not specified,Click here to learn more,Not specified,Unknown,http://publichealth.lacounty.gov/mch/#main-content,2026-03-16,Swindar,
California,Los Angeles,https://www.lacounty.gov/,Los Angeles County Department of Public Health,YouthAdvisoryCouncil@ph.lacounty.gov,(213) 639-6448,Comprehensive Perinatal Services Program,Tier 2 — State-wide,Statewide comprehensive perinatal services program offering technical support and resources to LA County providers.,Pregnant women and providers in LA County,Not specified,Not specified,Not specified,Unknown,http://publichealth.lacounty.gov/mch/#main-content,2026-03-16,Swindar,
California,Los Angeles,https://www.lacounty.gov/,Los Angeles County Department of Public Health,YouthAdvisoryCouncil@ph.lacounty.gov,(213) 639-6448,Home Visiting Programs,Tier 2 — State-wide,"From pregnancy through age 5, our FREE home visiting programs bring support right to you.",Pregnant women and families with children up to age 5,Not specified,Click here to learn more,Not specified,Unknown,http://publichealth.lacounty.gov/mch/#main-content,2026-03-16,Swindar,
California,Los Angeles,https://www.lacounty.gov/,Los Angeles County Department of Public Health,YouthAdvisoryCouncil@ph.lacounty.gov,(213) 639-6448,Black Infant Health,Tier 3 — Selective,The Black Infant Health Program addresses the higher rates of infant mortality among Black/African American women.,Black/African American women of childbearing age,Not specified,Not specified,Not specified,Unknown,http://www.publichealth.lacounty.gov/mch/MCAH%20Data%20Resources/MCAH%20Data%20Resources.htm,2026-03-16,Swindar,
California,Los Angeles,https://www.lacounty.gov/,Los Angeles County Department of Public Health,YouthAdvisoryCouncil@ph.lacounty.gov,(213) 639-6448,Fetal Infant Mortality Review (FIMR) Program,Tier 3 — Selective,The Fetal and Infant Mortality Review Program conducts retrospective reviews of fetal and infant deaths.,Not specified,Not specified,Not specified,Not specified,Unknown,http://www.publichealth.lacounty.gov/mch/MCAH%20Data%20Resources/MCAH%20Data%20Resources.htm,2026-03-16,Swindar,
California,Los Angeles,https://www.lacounty.gov/,Los Angeles County Department of Public Health,YouthAdvisoryCouncil@ph.lacounty.gov,(213) 639-6448,Nurse-Family Partnership (NFP),Tier 3 — Selective,"The Nurse-Family Partnership program provides home visiting services by registered nurses to first-time, low-income pregnant women.","First-time, low-income pregnant women enrolled by 28 weeks gestation",Not specified,Not specified,Not specified,Unknown,http://www.publichealth.lacounty.gov/mch/MCAH%20Data%20Resources/MCAH%20Data%20Resources.htm,2026-03-16,Swindar,
California,Plumas,https://www.plumascounty.us/,Plumas County Public Health Agency,familyfirst@countyofplumas.com,(530) 283-6330,Family First Home Visiting Program,home visiting,"Family First Home Visiting Program is a free and confidential service to support local Plumas County residents with family health and wellbeing, offering valuable resources for family life.",Pregnant people and families with children,Not specified,Not specified,Not specified,No,https://www.plumascounty.us/2238/Family-First-Home-Visiting-Program,2026-03-16,Swindar,
California,San Francisco,https://sf.gov/,San Francisco Department of Public Health,bih@sfdph.org,800-300-9950,"Maternal, Child, and Adolescent Health",Not specified,MCAH is committed to helping prevent preterm birth and infant death.,Pregnant individuals and families at risk of preterm birth,Not specified,Not specified,Not specified,Unknown,https://www.sf.gov/maternal-health-awareness/,2026-03-16,Swindar,
California,San Francisco,https://sf.gov/,San Francisco Department of Public Health,bih@sfdph.org,800-300-9950,Nurse home visiting program,Tier 3 — Selective,A public health nurse can visit you at home to support a healthy pregnancy and parenting.,Pregnant women and women who had a baby living in San Francisco.,Meet income requirements in certain cases.,Call to sign up for nurse visiting services.,Not specified,No,https://www.sf.gov/nurse-home-visiting-program/,2026-03-16,Swindar,
California,San Francisco,https://sf.gov/,San Francisco Department of Public Health,bih@sfdph.org,800-300-9950,Nurse home visiting program,Tier 3 — Selective,A public health nurse can visit you at home to discuss your questions and help guide you to a healthy pregnancy and parenting.,Pregnant women and women who had a baby living in San Francisco.,"In certain cases, you will have to meet income requirements.","Call the Maternal, Child and Adolescent Health (MCAH) division to sign up.",Not specified,No,https://www.sf.gov/nurse-home-visiting-program/,2026-03-16,Swindar,
California,San Francisco,https://sf.gov/,San Francisco Department of Public Health,bih@sfdph.org,800-300-9950,San Francisco Black Infant Health Program,Tier 3 — Selective,Our goal at SF Black Infant Health is to improve Black infant and maternal health. We empower Black or African American pregnant people to make healthy choices for a brighter future.,Black or African American pregnant people,Not specified,Not specified,Not specified,Unknown,https://www.sf.gov/departments/san-francisco-black-infant-health-program,2026-03-16,Swindar,
California,San Francisco,https://sf.gov/,San Francisco Department of Public Health,bih@sfdph.org,800-300-9950,San Francisco Black Infant Health Program,Tier 3 — Selective,Our goal at SF Black Infant Health is to improve Black infant and maternal health. We empower Black or African American pregnant people to make healthy choices for a brighter future.,Black or African American pregnant people,Not specified,Not specified,Not specified,Unknown,https://www.sf.gov/departments/san-francisco-black-infant-health-program,2026-03-16,Swindar,
California,San Francisco,https://sf.gov/,San Francisco Department of Public Health,bih@sfdph.org,800-300-9950,"Women, Infants, & Children (WIC) Supplemental Nutrition Program",Tier 1 — Universal,"WIC serves babies and children up to age 5, pregnant people, and new mothers. WIC helps families by providing nutrition education, WIC card to purchase healthy foods at the grocery store, breastfeeding support and referrals to healthcare and other community services.","Low-income pregnant, postpartum, and breastfeeding women; infants and children",Not specified,Apply now,Not specified,Yes,https://www.sf.gov/departments/department-public-health/maternal-child-and-adolescent-health#main-content,2026-03-16,Swindar,
California,San Francisco,https://sf.gov/,San Francisco Department of Public Health,bih@sfdph.org,800-300-9950,San Francisco Black Infant Health Program,Tier 3 — Selective,Our goal is to improve black infant and maternal health. We empower Black or African American pregnant people to make healthy choices for a brighter future.,Black/African American women of childbearing age,Not specified,Not specified,Not specified,Unknown,https://www.sf.gov/departments/department-public-health/maternal-child-and-adolescent-health#main-content,2026-03-16,Swindar,
California,San Francisco,https://sf.gov/,San Francisco Department of Public Health,bih@sfdph.org,800-300-9950,Teenage Pregnancy and Parenting Program (TAPP),Maternal Health,"The Teenage Pregnancy and Parenting program (TAPP) provides comprehensive case management for expectant and parenting teens, focusing on their unique needs.",Young parents under the age of 19 with children aged 8 and under.,Not specified,"Complete the Client Referral Form and submit it via email, fax, or in-person.",TAPP & YFRC Referral Form,Unknown,https://www.sf.gov/teenage-pregnancy-and-parenting-program/,2026-03-16,Swindar,
California,San Francisco,https://sf.gov/,San Francisco Department of Public Health,bih@sfdph.org,800-300-9950,Teenage Pregnancy and Parenting Program (TAPP),Maternal Health,"The Teenage Pregnancy and Parenting program (TAPP) provides comprehensive case management for expectant and parenting teens, focusing on their growth and success.",Young parents under the age of 19 with children aged 8 and under.,Not specified,"Complete the Client Referral Form and submit it via email, fax, or in-person.",Not specified,Unknown,https://www.sf.gov/teenage-pregnancy-and-parenting-program/,2026-03-16,Swindar,
California,San Francisco,https://sf.gov/,San Francisco Department of Public Health,bih@sfdph.org,800-300-9950,"Women, Infants, & Children (WIC) Supplemental Nutrition Program",Tier 1 — Universal,"The Women, Infants and Children (WIC) supplemental nutrition program helps individuals who are pregnant or postpartum, infants and children up to age 5 eat well, be active, and stay healthy.","Low-income pregnant, postpartum, and breastfeeding women; infants and children up to age 5.",Not specified,Contact Us to Enroll!,Not specified,Yes,https://www.sf.gov/wic-supplemental-nutrition-program/,2026-03-16,Swindar,
California,San Francisco,https://sf.gov/,San Francisco Department of Public Health,bih@sfdph.org,800-300-9950,"Women, Infants, & Children (WIC) Supplemental Nutrition Program",Tier 1 — Universal,"The Women, Infants and Children (WIC) supplemental nutrition program helps individuals who are pregnant or postpartum, infants and children up to age 5 eat well, be active, and stay healthy.","Low-income pregnant, postpartum, and breastfeeding women; infants and children up to age 5",Not specified,Contact Us to Enroll!,Not specified,Yes,https://www.sf.gov/wic-supplemental-nutrition-program/,2026-03-16,Swindar,
California,San Francisco,https://sf.gov/,San Francisco Department of Public Health,bih@sfdph.org,800-300-9950,"Women, Infants, & Children (WIC) Supplemental Nutrition Program",Tier 1 — Universal,Pregnant people and families with children can get linked to services like WIC.,"Low-income pregnant, postpartum, and breastfeeding women; infants and children",Not specified,Not specified,Not specified,Yes,https://www.sf.gov/calworks-through-public-health-nurse-0/,2026-03-16,Swindar,
California,San Francisco,https://sf.gov/,San Francisco Department of Public Health,bih@sfdph.org,800-300-9950,San Francisco Black Infant Health Program,Tier 3 — Selective,We provide services for Black or African American pregnant people.,Black/African American women of childbearing age,Not specified,Not specified,Not specified,Unknown,https://www.sf.gov/calworks-through-public-health-nurse-0/,2026-03-16,Swindar,
California,San Francisco,https://sf.gov/,San Francisco Department of Public Health,bih@sfdph.org,800-300-9950,"Maternal, Child, and Adolescent Health",Tier 1 - Universal,We provide services to pregnant people and families with children and we collaborate with health professionals to improve care.,Pregnant individuals and families with children,Not specified,Not specified,Not specified,Unknown,https://www.sf.gov/child-care-health-program-cchp/,2026-03-16,Swindar,
California,San Francisco,https://sf.gov/,San Francisco Department of Public Health,bih@sfdph.org,800-300-9950,Home Visiting Doula Support,Tier 3 — Selective,"A Perinatal Support Doula will enhance the existing Maternal, Child, and Adolescent Health Public Health Nursing Home Visiting Program through increasing client advocacy and addressing barriers to care for Black birthing people.",Black birthing people in San Francisco,Not specified,Not specified,Not specified,Unknown,https://www.sf.gov/perinatal-equity-initiative,2026-03-16,Swindar,
California,San Francisco,https://sf.gov/,San Francisco Department of Public Health,bih@sfdph.org,800-300-9950,Hospital Obstetric Racism Intervention,Tier 3 — Selective,Conducts a racial equity assessment and develops a hospital quality improvement plan to improve health outcomes for Black birthing people in select San Francisco hospitals.,Black birthing people in San Francisco,Not specified,Not specified,Not specified,Unknown,https://www.sf.gov/perinatal-equity-initiative,2026-03-16,Swindar,
California,San Francisco,https://sf.gov/,San Francisco Department of Public Health,bih@sfdph.org,800-300-9950,Family Planning Program,Tier 2 — State-wide,"The family planning program at DPH supports clinics in the SF Health Network, providing support and technical help to clinic sites.",Individuals seeking family planning services.,Not specified,Not specified,Not specified,Yes,https://www.sf.gov/information--family-planning-program/,2026-03-16,Swindar,
California,San Francisco,https://sf.gov/,San Francisco Department of Public Health,bih@sfdph.org,800-300-9950,Family Planning Program,Tier 2 — State-wide,Family planning services empower people to choose if and when they have children.,Individuals seeking family planning and reproductive health services,Not specified,Not specified,Not specified,Yes,https://www.sf.gov/information--family-planning-services/,2026-03-16,Swindar,
California,San Francisco,https://sf.gov/,San Francisco Department of Public Health,bih@sfdph.org,800-300-9950,"Women, Infants and Children (WIC)",Tier 1 — Universal,"WIC provides access to healthy food, nutrition education, breastfeeding support and more.","Low-income pregnant, postpartum, and breastfeeding women; infants and children",Not specified,Not specified,Not specified,Yes,https://sf.gov/information/wic-clinic-hours-and-locations,2026-03-16,Swindar,
California,San Diego,https://www.sandiegocounty.gov/,Health & Human Services Agency,AIS.295only.HHSA@sdcounty.ca.gov,800-587-8118,County Medical Services,Maternal Health,"A program that funds medical care for uninsured indigent adult county residents. While not a health insurance program, County Medical Services (CMS) funds services through a network of community health centers, private physicians and hospitals.",Uninsured indigent adult county residents,Not specified,Not specified,Not specified,Yes,https://www.sandiegocounty.gov/content/sdc/hhsa/programs/ssp/county_medical_services.html,2026-03-16,Swindar,No specific maternal health programs found; In-Home Supportive Services is not exclusively maternal health.
California,San Diego,https://www.sandiegocounty.gov/,Health & Human Services Agency,AIS.295only.HHSA@sdcounty.ca.gov,800-587-8118,In-Home Supportive Services,Maternal Health,"IHSS helps seniors and disabled people with basic needs such as bathing, grooming, and cleaning.",Seniors and disabled people,"Meet financial eligibility guidelines, be blind, disabled, or age 65 or older, and unable to live at home safely without help.",You or someone you know may apply for you. Call (800) 339-4661 to apply with Call Center staff.,Not specified,Unknown,https://www.sandiegocounty.gov/content/sdc/hhsa/programs/ais/Services/In-Home-Supportive-Services.html,2026-03-16,Swindar,No specific maternal health programs found; In-Home Supportive Services is not exclusively maternal health.
California,San Diego,https://www.sandiegocounty.gov/,Health & Human Services Agency,AIS.295only.HHSA@sdcounty.ca.gov,800-587-8118,Perinatal Care Network (PCN),Tier 3 — Selective,The Perinatal Care Network provides services for high-risk pregnant women on Medi-Cal.,High-risk pregnant women on Medi-Cal,Not specified,Not specified,Not specified,Yes,https://www.sandiegocounty.gov/content/sdc/hhsa/programs/phs/maternal_child_family_health_services/MCFHSstatistics.html,2026-03-16,Swindar,No specific maternal health programs found; In-Home Supportive Services is not exclusively maternal health.
California,San Diego,https://www.sandiegocounty.gov/,Health & Human Services Agency,AIS.295only.HHSA@sdcounty.ca.gov,800-587-8118,Medi-Cal,Tier 1 — Universal,Medi-Cal is California's Medicaid program that provides free or low-cost health coverage to children and adults.,"California residents who are otherwise eligible, regardless of immigration status.",Not specified,how to apply or Not specified,Not specified,Yes,https://www.sandiegocounty.gov/content/sdc/hhsa/programs/ssp/medi-cal_program.html,2026-03-16,Swindar,No specific maternal health programs found; In-Home Supportive Services is not exclusively maternal health.
California,San Diego,https://www.sandiegocounty.gov/,Health & Human Services Agency,AIS.295only.HHSA@sdcounty.ca.gov,800-587-8118,Perinatal Equity Initiative (PEI),Tier 3 — Selective,The Perinatal Equity Initiative (PEI) aims to improve birth and maternal health outcomes for African-American families in San Diego County by addressing social injustices and health inequities.,African-American families in San Diego County,Not specified,Not specified,Not specified,Unknown,https://blacklegacynowsd.com/?msclkid=bc9739eabd0411ec8c2a1f6b894251d0,2026-03-16,Swindar,No specific maternal health programs found; In-Home Supportive Services is not exclusively maternal health.
California,San Diego,https://www.sandiegocounty.gov/,Health & Human Services Agency,AIS.295only.HHSA@sdcounty.ca.gov,800-587-8118,Perinatal Care Network (PCN),Tier 3 — Selective,"PCN is a toll-free phone line that links families eligible for pregnancy-related Medi-Cal to care, aiming to decrease barriers to accessing prenatal services.",Pregnant women eligible for Medi-Cal,Eligibility for pregnancy-related Medi-Cal,Call 1-800-675-2229,Not specified,Yes,https://www.sandiegocounty.gov/content/sdc/hhsa/programs/phs/perinatal_care_network.html,2026-03-16,Swindar,No specific maternal health programs found; In-Home Supportive Services is not exclusively maternal health.
California,San Diego,https://www.sandiegocounty.gov/,Health & Human Services Agency,AIS.295only.HHSA@sdcounty.ca.gov,800-587-8118,Home Visiting Program,Tier 3 — Selective,"Public Health Nurses provide home visitation to support high-risk pregnant, postpartum, and first-time moms.","High-risk pregnant, postpartum, and first-time moms",Not specified,Call 1-619-285-6480,Not specified,Unknown,https://www.sandiegocounty.gov/content/sdc/hhsa/programs/phs/perinatal_care_network.html,2026-03-16,Swindar,No specific maternal health programs found; In-Home Supportive Services is not exclusively maternal health.
California,San Diego,https://www.sandiegocounty.gov/,Health & Human Services Agency,AIS.295only.HHSA@sdcounty.ca.gov,800-587-8118,Black Infant Health (BIH),Tier 3 — Selective,Improves the health of African-American mothers and babies through prenatal and postpartum group and individualized support.,African-American mothers and babies,Not specified,Not specified,Not specified,Unknown,https://www.sandiegocounty.gov/content/sdc/hhsa/programs/phs/perinatal_care_network.html,2026-03-16,Swindar,No specific maternal health programs found; In-Home Supportive Services is not exclusively maternal health.
California,San Diego,https://www.sandiegocounty.gov/,Health & Human Services Agency,AIS.295only.HHSA@sdcounty.ca.gov,800-587-8118,Global Communities Healthy Start,Tier 2 — State-wide,"Free prenatal and childbirth education, postpartum, and breastfeeding support with a focus on Black families in San Diego County.",Black families,Not specified,Not specified,Not specified,Unknown,https://www.sandiegocounty.gov/content/sdc/hhsa/programs/phs/perinatal_care_network.html,2026-03-16,Swindar,No specific maternal health programs found; In-Home Supportive Services is not exclusively maternal health.
California,San Diego,https://www.sandiegocounty.gov/,Health & Human Services Agency,AIS.295only.HHSA@sdcounty.ca.gov,800-587-8118,"Women, Infants, and Children (WIC)",Tier 1 — Universal,"Food assistance and nutrition education for low-income pregnant, postpartum, and breastfeeding women, infants, and children.","Low-income pregnant, postpartum, and breastfeeding women; infants and children",Low-income status,Not specified,Not specified,Yes,https://www.sandiegocounty.gov/content/sdc/hhsa/programs/phs/perinatal_care_network.html,2026-03-16,Swindar,No specific maternal health programs found; In-Home Supportive Services is not exclusively maternal health.
California,San Diego,https://www.sandiegocounty.gov/,Health & Human Services Agency,AIS.295only.HHSA@sdcounty.ca.gov,800-587-8118,Black Infant Health (BIH) Program,Tier 3 — Selective,The Black Infant Health Program aims to improve the health of Black/African American women and their infants.,Black/African American women of childbearing age,Not specified,Not specified,Not specified,Unknown,https://www.sandiegocounty.gov/content/sdc/hhsa/programs/phs.html,2026-03-16,Swindar,No specific maternal health programs found; In-Home Supportive Services is not exclusively maternal health.
California,San Diego,https://www.sandiegocounty.gov/,Health & Human Services Agency,AIS.295only.HHSA@sdcounty.ca.gov,800-587-8118,Black Infant Health Program (BIH),Tier 3 — Selective,"The San Diego County Black Infant Health Program (BIH) works to improve African-American infant and maternal health, as well as decrease Black-White health and social inequities for women and infants.",Pregnant African-American women 16 years of age or older,Pregnant African-American women 16 years of age or older,"If you are eligible and would like to learn more about enrolling in BIH, please fill out the form of your area or call BIH at 619-266-7466.",Not specified,Yes,https://www.sandiegocounty.gov/content/sdc/hhsa/programs/phs/black_infant_health_program.html,2026-03-16,Swindar,No specific maternal health programs found; In-Home Supportive Services is not exclusively maternal health.
California,Tulare,https://tularecounty.ca.gov/,Tulare County Health & Human Services Agency,Not found,Not found,"Women, Infants, and Children program",Tier 1 — Universal,"WIC is designed to help pregnant women, new mothers, and young children eat well and stay healthy.","Low-income pregnant, postpartum, and breastfeeding women; infants and children under five",meet the income guidelines,Not specified,Not specified,Yes,https://wicprogram.us/wic_programs-city/tulare_ca,2026-03-16,Swindar,
California,Tulare,https://tularecounty.ca.gov/,Tulare County Health & Human Services Agency,Not found,Not found,"Women, Infants, and Children program",Universal,"WIC is designed to help pregnant women, new mothers, and young children eat well and stay healthy.","Low-income pregnant, postpartum, and breastfeeding women; infants and children under five",meet the income guidelines,Not specified,Not specified,Yes,https://wicprogram.us/program/update?id=6162,2026-03-16,Swindar,
California,Riverside,https://www.rivco.org/,Riverside County Public Health,Not found,Not found,California WIC Program,Tier 1 — Universal,"Riverside County WIC helps pregnant women, new mothers and young children eat well, stay healthy and be active.","Low-income pregnant, postpartum, and breastfeeding women; infants and children",Not specified,Not specified,Not specified,Yes,https://wicprogram.us/wic_programs-city/riverside_ca,2026-03-16,Swindar,
California,Riverside,https://www.rivco.org/,Riverside County Public Health,Not found,Not found,WIC,Tier 1 — Universal,"Riverside County WIC helps pregnant women, new mothers and young children eat well, stay healthy and be active.","Low-income pregnant, postpartum, and breastfeeding women; infants and children",Not specified,Not specified,Not specified,Yes,https://wicprogram.us/program/update?id=6275,2026-03-16,Swindar,
California,Tuolumne,https://www.tuolumnecounty.ca.gov/,Tuolumne County Health Department WIC,Not found,(209) 533-7431,Tuolumne County Health Department WIC,Tier 1 — Universal,WIC serves: All foster children under five years old who meet eligibility requirements; Breastfeeding women up to one year postpartum; All documented/undocumented persons in a family who meet eligibility requirements.,"Low-income pregnant, postpartum, and breastfeeding women; infants and children under five years old.","To qualify, you must meet the income guidelines or the person for whom you are applying must have active Medi-Cal, food stamps, or TANF.",Not specified,Not specified,Yes,https://wicprogram.us/wic-program-provider/tuolumne_county_health_department_wic_sonora_ca,2026-03-16,Swindar,
California,Sacramento,https://www.saccounty.net/,Department of Health Services,Not found,(916) 876-5000,"Women, Infants & Children (WIC) Program (CDPH)",Tier 1 — Universal,"The WIC program provides nutritional support and education for women, infants, and children.","Low-income pregnant, postpartum, and breastfeeding women; infants and children",Not specified,Not specified,Not specified,Yes,https://dhs.saccounty.gov/PUB/Pages/Maternal-Adolescent-Health/GI-Breastfeeding-Resources.aspx,2026-03-16,Swindar,
California,Sacramento,https://www.saccounty.net/,Department of Health Services,Not found,(916) 876-5000,Medi-Cal Changes in 2026-2028,Tier 1 — Universal,Medi-Cal provides prenatal and pregnancy coverage for eligible individuals.,Pregnant individuals meeting income thresholds,Varies by state expansion status,Not specified,Not specified,Yes,https://dhs.saccounty.gov/PUB/Pages/Maternal-Adolescent-Health/GI-Breastfeeding-Resources.aspx,2026-03-16,Swindar,
California,Sacramento,https://www.saccounty.net/,Department of Health Services,Not found,(916) 876-5000,"Women, Infants & Children",Tier 1 — Universal,"The Sacramento County WIC program helps pregnant women, new moms, and young children eat well, stay healthy, and be active.","Low-income pregnant, postpartum, and breastfeeding women; infants and children.",You are pregnant now or within the last six months and/or you have a child under the age of five years.,Not specified,Not specified,Yes,https://dhs.saccounty.gov/PRI/WIC/Pages/Women-Infants-and-Children-Home.aspx,2026-03-16,Swindar,
California,Sacramento,https://www.saccounty.net/,Department of Health Services,Not found,(916) 876-5000,Medi-Cal for Kids & Teens,Tier 1 — Universal,Medi-Cal for Kids & Teens provides free services to keep your child healthy from birth to age 21.,Children from birth to age 21,Eligibility for subsidized healthcare programs,Call toll-free at 1-866-850-4321 to make an appointment,Not specified,Yes,https://dhs.saccounty.gov/PUB/Pages/Maternal-Adolescent-Health/GI-Preconception-Health-Campaign.aspx,2026-03-16,Swindar,
California,Ventura,https://www.ventura.org/,Ventura County Public Health,wic.program@ventura.org,800-781-4449,WIC,Tier 1 — Universal,"WIC provides federally-funded temporary assistance for Women who are pregnant, breastfeeding, or have recently had a baby and Infants and Children under five years of age.","Low-income pregnant, postpartum, and breastfeeding women; infants and children.",Gross income of no more than 185 percent of the federal poverty level and at nutritional risk.,Not specified,Not specified,Yes,https://hca.venturacounty.gov/public-health/wic/about-us/,2026-03-16,Swindar,
California,Ventura,https://www.ventura.org/,Ventura County Public Health,wic.program@ventura.org,800-781-4449,WIC,Tier 1 — Universal,The WIC Program is committed to helping women understand the benefits to both mother and infant of breastfeeding their baby.,"Low-income pregnant, postpartum, and breastfeeding women; infants and children",Not specified,Not specified,Not specified,Yes,https://hca.venturacounty.gov/public-health/wic/additional-resources/,2026-03-16,Swindar,
California,Ventura,https://www.ventura.org/,Ventura County Public Health,wic.program@ventura.org,800-781-4449,WIC,Tier 1 — Universal,"The WIC program provides nutritional support and education to eligible women, infants, and children.","Low-income pregnant, postpartum, and breastfeeding women; infants and children",Not specified,Not specified,Not specified,Yes,https://hca.venturacounty.gov/public-health/wic/provider-resources/,2026-03-16,Swindar,
California,Ventura,https://www.ventura.org/,Ventura County Public Health,wic.program@ventura.org,800-781-4449,WIC Breastfeeding Services,UNMATCHED,WIC Breastfeeding Services provide support and resources for breastfeeding mothers.,Breastfeeding mothers,Not specified,Not specified,Not specified,Unknown,https://hca.venturacounty.gov/public-health/wic/provider-resources/,2026-03-16,Swindar,
California,Ventura,https://www.ventura.org/,Ventura County Public Health,wic.program@ventura.org,800-781-4449,"WIC: Women, Infants & Children",Tier 1 — Universal,"WIC is a health and nutrition program for growing families that provides nutrition education, breastfeeding support, vouchers for healthy foods, and referrals to healthcare and other community services.","Low-income pregnant, postpartum, and breastfeeding women; infants and children",To find out if you are eligible for WIC services use the online eligibility assessment.,WIC appointments can be completed by phone or in-person at WIC sites.,Not specified,Yes,https://hca.venturacounty.gov/public-health/wic/,2026-03-16,Swindar,
California,Humboldt,https://www.humboldtgov.org/,Not found,Not found,Not found,"Women, Infants & Children (WIC)",Tier 1 — Universal,"Special Supplemental Nutrition Program for Women, Infants, and Children.","Low-income pregnant, postpartum, and breastfeeding women; infants and children.",Income eligibility based on family size.,Not specified,Not specified,Yes,https://humboldtgov.org/660/Income-Guidelines,2026-03-16,Swindar,
California,Inyo,https://www.inyocounty.us/,Health & Human Services,klent@inyocounty.us,760.872.2908,WIC,Tier 1 — Universal,"Special Supplemental Nutrition Program for Women, Infants, and Children.","Low-income pregnant, postpartum, and breastfeeding women; infants and children.",Not specified,Not specified,Not specified,Yes,https://www.inyocounty.us/risk/claims-against-county,2026-03-16,Swindar,
California,Inyo,https://www.inyocounty.us/,Health & Human Services,klent@inyocounty.us,760.872.2908,AIM,Tier 3 — Selective,Alliance for Innovation on Maternal Health.,Birthing hospitals and obstetric providers; indirectly serves all pregnant women.,Not specified,Not specified,Not specified,Unknown,https://www.inyocounty.us/risk/claims-against-county,2026-03-16,Swindar,
California,Inyo,https://www.inyocounty.us/,Health & Human Services,klent@inyocounty.us,760.872.2908,WIC,Tier 1 — Universal,"WIC serves low-to-moderate income families including pregnant women, breastfeeding mothers, and children up to age five.","Low-income pregnant, postpartum, and breastfeeding women; infants and children.",Participants must meet WIC income guidelines.,"To see if you are eligible for the WIC program, call us at (760) 872-1885.",Not specified,Yes,https://www.inyocounty.us/services/health-human-services/public-health-and-prevention-division/wic/do-i-qualify,2026-03-16,Swindar,
California,Inyo,https://www.inyocounty.us/,Health & Human Services,klent@inyocounty.us,760.872.2908,Home Visiting,Tier 2 — State-wide,Home Visiting program provides support to families through home visits.,Pregnant women and parents with children 0-5 in at-risk communities.,Not specified,Not specified,Not specified,Unknown,https://www.inyocounty.us/first5,2026-03-16,Swindar,
California,Inyo,https://www.inyocounty.us/,Health & Human Services,klent@inyocounty.us,760.872.2908,WIC,Tier 1 — Universal,"Special Supplemental Nutrition Program for Women, Infants, and Children.","Low-income pregnant, postpartum, and breastfeeding women; infants and children.",Not specified,Not specified,Not specified,Yes,https://www.inyocounty.us/first5,2026-03-16,Swindar,
California,Inyo,https://www.inyocounty.us/,Health & Human Services,klent@inyocounty.us,760.872.2908,Maternal Child & Adolescent Health (MCAH),Tier 2 — State-wide,"The Maternal, Child, and Adolescent Health (MCAH) Program is dedicated to developing systems that protect and improve the health of women, infants, children, adolescents, and their families.","Women, infants, children, adolescents, and families",Not specified,Not specified,Not specified,Unknown,https://www.inyocounty.us/public-health-clinic/maternal-child-adolescent-health-mcah,2026-03-16,Swindar,
California,Inyo,https://www.inyocounty.us/,Health & Human Services,klent@inyocounty.us,760.872.2908,WIC,Tier 1 — Universal,"The WIC program provides nutritional support and education to low-income pregnant, postpartum, and breastfeeding women, as well as infants and children.","Low-income pregnant, postpartum, and breastfeeding women; infants and children",Income eligibility criteria apply,Contact local WIC office for application,Proof of income and residency,Yes,https://www.inyocounty.us/public-health-clinic/maternal-child-adolescent-health-mcah,2026-03-16,Swindar,
California,Inyo,https://www.inyocounty.us/,Health & Human Services,klent@inyocounty.us,760.872.2908,WIC,Tier 1 — Universal,"Special Supplemental Nutrition Program for Women, Infants, and Children.","Low-income pregnant, postpartum, and breastfeeding women; infants and children.",Not specified,Not specified,Not specified,Yes,https://www.inyocounty.us/services/treasurer-tax-collector/mining-claimsinformation,2026-03-16,Swindar,
California,Inyo,https://www.inyocounty.us/,Health & Human Services,klent@inyocounty.us,760.872.2908,Maternal Child & Adolescent Health (MCAH),Tier 2 — State-wide,Title V Maternal and Child Health Services Block Grant.,"Pregnant women, mothers, infants, children including those with special health care needs.",Not specified,Not specified,Not specified,Unknown,https://www.inyocounty.us/services/treasurer-tax-collector/mining-claimsinformation,2026-03-16,Swindar,
California,Inyo,https://www.inyocounty.us/,Health & Human Services,klent@inyocounty.us,760.872.2908,Alliance for Innovation on Maternal Health,Tier 3 — Selective,Alliance for Innovation on Maternal Health.,Birthing hospitals and obstetric providers; indirectly serves all pregnant women.,Not specified,Not specified,Not specified,Unknown,https://www.inyocounty.us/services/treasurer-tax-collector/mining-claimsinformation,2026-03-16,Swindar,
California,Inyo,https://www.inyocounty.us/,Health & Human Services,klent@inyocounty.us,760.872.2908,WIC,Tier 1 — Universal,"Special Supplemental Nutrition Program for Women, Infants, and Children.","Low-income pregnant, postpartum, and breastfeeding women; infants and children.",Not specified,Not specified,Not specified,Yes,https://www.inyocounty.us/behavioral-health/quality-improvement,2026-03-16,Swindar,
California,Inyo,https://www.inyocounty.us/,Health & Human Services,klent@inyocounty.us,760.872.2908,Parents as Teachers,Tier 3 — Selective,Parents as Teachers program provides support and education for expectant parents and families with young children.,Expectant parents and families with children from birth through age 3.,Not specified,Not specified,Not specified,Unknown,https://www.inyocounty.us/behavioral-health/quality-improvement,2026-03-16,Swindar,
California,Inyo,https://www.inyocounty.us/,Health & Human Services,klent@inyocounty.us,760.872.2908,Alliance for Innovation on Maternal Health,Tier 3 — Selective,AIM focuses on improving maternal health safety and quality in birthing hospitals.,Birthing hospitals and obstetric providers.,Not specified,Not specified,Not specified,Unknown,https://www.inyocounty.us/behavioral-health/quality-improvement,2026-03-16,Swindar,
California,Inyo,https://www.inyocounty.us/,Health & Human Services,klent@inyocounty.us,760.872.2908,Maternal Child & Adolescent Health (MCAH),Tier 2 — State-wide,MCAH provides services to improve the health of mothers and children.,"Pregnant women, mothers, infants, children including those with special health care needs.",Not specified,Not specified,Not specified,Unknown,https://www.inyocounty.us/behavioral-health/quality-improvement,2026-03-16,Swindar,
California,Inyo,https://www.inyocounty.us/,Health & Human Services,klent@inyocounty.us,760.872.2908,"Special Supplemental Nutrition Program for Women, Infants, and Children",Tier 1 — Universal,WIC provides nutrition assistance and education to eligible families.,"Low-income pregnant, postpartum, and breastfeeding women; infants and children",Not specified,Visit WIChealth.org or attend an appointment,Not specified,Yes,https://www.inyocounty.us/wic/welcome-wic,2026-03-16,Swindar,
California,Inyo,https://www.inyocounty.us/,Health & Human Services,klent@inyocounty.us,760.872.2908,WIC,Tier 1 — Universal,"The WIC Program provides food, nutrition counseling, and access to health services to low-income women, infants, and children.","Low-income women, infants, and children up to age 5 who are at nutrition risk.",Not specified,Not specified,Not specified,Yes,https://www.inyocounty.us/wic,2026-03-16,Swindar,
California,Inyo,https://www.inyocounty.us/,Health & Human Services,klent@inyocounty.us,760.872.2908,WIC App,Tier 1 — Universal,The California WIC App is an easy way to check your food benefits and shop for your WIC approved foods.,"Low-income pregnant, postpartum, and breastfeeding women; infants and children",Not specified,"Once you get your WIC Card from your WIC office, download the California WIC App.",WIC Card,Yes,https://www.inyocounty.us/wic-app,2026-03-16,Swindar,
California,Mono,https://monocounty.ca.gov/,Mono County Public Health,Not found,(760) 924-4610,"Supplemental Nutrition Program for Women, Infants and Children (WIC)",Tier 1 — Universal,WIC is a nutrition education program that provides healthy food options and lactation support for families.,"Low-income pregnant, postpartum, and breastfeeding women; infants and children under 5 years old.","Families must live in California and have low-to-medium income or receive Medi-Cal, CalWORKs (TANF), or CalFresh (SNAP) benefits.","To schedule an appointment, call the Mammoth Lakes office at (760) 924-4610.",Not specified,Yes,https://monocounty.ca.gov/hhs/page/supplemental-nutrition-program-women-infants-and-children-wic#for_providers,2026-03-16,Swindar,
California,Mono,https://monocounty.ca.gov/,Mono County Public Health,Not found,(760) 924-4610,"Special Supplemental Nutrition Program for Women, Infants, and Children",Tier 1 — Universal,"Provides nutritional assistance and education to women, infants, and children.","Low-income pregnant, postpartum, and breastfeeding women; infants and children",Not specified,Not specified,Not specified,Yes,https://monocounty.ca.gov/services/wic#main-content,2026-03-16,Swindar,
California,Mono,https://monocounty.ca.gov/,Mono County Public Health,Not found,(760) 924-4610,WIC referral,Universal,"WIC provides nutritional support and education for women, infants, and children.","Low-income pregnant, postpartum, and breastfeeding women; infants and children.",Not specified,Not specified,Not specified,Yes,https://monocounty.ca.gov/hhs/page/sexual-reproductive-health-0,2026-03-16,Swindar,
California,Mono,https://monocounty.ca.gov/,Mono County Public Health,Not found,(760) 924-4610,Maternal Mental Health Resources,Selective,Resources for pregnant and postpartum individuals experiencing mental health challenges.,Pregnant and postpartum individuals experiencing mental health challenges.,Not specified,Not specified,Not specified,Unknown,https://monocounty.ca.gov/hhs/page/sexual-reproductive-health-0,2026-03-16,Swindar,
California,Mono,https://monocounty.ca.gov/,Mono County Public Health,Not found,(760) 924-4610,Birth Control Counseling,UNMATCHED,Counseling and information about birth control options.,Individuals seeking birth control information.,Not specified,Not specified,Not specified,Unknown,https://monocounty.ca.gov/hhs/page/sexual-reproductive-health-0,2026-03-16,Swindar,
California,Mono,https://monocounty.ca.gov/,Mono County Public Health,Not found,(760) 924-4610,WIC,Tier 1 — Universal,"WIC provides free healthy foods, breastfeeding support, nutrition education and referrals to services to support you and your family.","Low-income pregnant, postpartum, and breastfeeding women; infants and children.","You may qualify if you have low-to-medium income, receive Medi-Cal, CalWORKs, or CalFresh.",Call: (760) 924-4610 or Text: 1-800-421-9627,Not specified,Yes,https://monocounty.ca.gov/hhs/page/wic,2026-03-16,Swindar,
California,San Luis Obispo,https://www.slocounty.ca.gov/,County of San Luis Obispo,Not found,(805) 781-5570,"Women, Infants and Children (WIC)",Tier 1 — Universal,"WIC Program helps families by providing nutrition education, breastfeeding support, healthy foods, and referrals to health care and other community services.","Low-income pregnant, postpartum, and breastfeeding women; infants and children up to 5 years of age.","Individuals who are pregnant, breastfeeding, or just had a baby in the past 6 months; children up to 5 years of age; meet WIC income guidelines or receive Medi-Cal, CalWORKS or CalFresh benefits.",Call (805) 781-5570 or text (888) 417-6180 to schedule an appointment.,"Identification for the persons applying for WIC, proof of all family income, proof of street address.",Yes,"https://www.slocounty.ca.gov/departments/health-agency/public-health/all-public-health-services/health-promotion/women,-infants-and-children-(wic)",2026-03-16,Swindar,
California,San Luis Obispo,https://www.slocounty.ca.gov/,County of San Luis Obispo,Not found,(805) 781-5570,"Special Supplemental Nutrition Program for Women, Infants, and Children",Tier 1 — Universal,"The WIC program provides nutritional support and education to low-income pregnant, postpartum, and breastfeeding women, as well as infants and children.","Low-income pregnant, postpartum, and breastfeeding women; infants and children",Not specified,Apply for WIC,Not specified,Yes,"https://www.slocounty.ca.gov/departments/health-agency/public-health/all-public-health-services/health-promotion/women,-infants-and-children-(wic)/slo-wic-locations",2026-03-16,Swindar,
California,San Benito,https://www.cosb.us/,San Benito County Health and Human Services Agency,infohhsa@sanbenitocountyca.gov,831-636-4035,Comprehensive Perinatal Services Program (CPSP),Tier 2 — State-wide,"The CPSP provides a wide range of culturally competent services to Medi-Cal pregnant women, from conception through 60 days postpartum.",Medi-Cal pregnant women,Not specified,Not specified,Not specified,Yes,https://hhsa.sanbenitocountyca.gov/maternal-health-for-pregnant-women/#elementor-action%3Aaction%3Dpopup%3Aopen%26settings%3DeyJpZCI6IjE4MTUiLCJ0b2dnbGUiOmZhbHNlfQ%3D%3D,2026-03-16,Swindar,
California,San Benito,https://www.cosb.us/,San Benito County Health and Human Services Agency,infohhsa@sanbenitocountyca.gov,831-636-4035,WIC Women and Infant Children,Tier 1 — Universal,"WIC serves more than 6 million pregnant and post-partum women, infants, and children in the US, providing nutrition assistance.","Low-income pregnant and post-partum women, infants, and children",Gross income of no more than 185 percent of the federal poverty level and at nutritional risk,Not specified,Not specified,Yes,https://hhsa.sanbenitocountyca.gov/maternal-health-for-pregnant-women/#elementor-action%3Aaction%3Dpopup%3Aopen%26settings%3DeyJpZCI6IjE4MTUiLCJ0b2dnbGUiOmZhbHNlfQ%3D%3D,2026-03-16,Swindar,
California,San Bernardino,https://www.sbcounty.gov/,San Bernardino Department of Public Health,Not found,Not found,"Women, Infants, and Children Program",Tier 1 — Universal,"WIC, the Women, Infants, and Children program, is a nutrition program that helps pregnant women, mothers with infants, infants and young children eat well, be active, and stay healthy.","Low-income pregnant women, new mothers, infants and young children",Not specified,Not specified,Not specified,Yes,https://wicprogram.us/wic_programs-city/san_bernardino_ca,2026-03-16,Swindar,
California,San Bernardino,https://www.sbcounty.gov/,San Bernardino Department of Public Health,Not found,Not found,"WIC, the Women, Infants, and Children Program",Tier 1 — Universal,"WIC is a nutrition education and food supplement program that helps lower income pregnant women, new mothers, infants and young children eat well and stay healthy.","Low-income pregnant women, new mothers, infants and young children",Not specified,Not specified,Not specified,Yes,https://wicprogram.us/program/update?id=6312,2026-03-16,Swindar,
California,San Mateo,https://www.smcgov.org/,Not found,Not found,Not found,"Women, Infants and Children (WIC) Program",Tier 1 — Universal,"The Women, Infants and Children (WIC) Program is a supplemental nutrition education program to promote and maintain the health of pregnant, postpartum, and breastfeeding women, infants and children from birth to five years of age.","Low-income pregnant, postpartum, and breastfeeding women; infants and children",Not specified,Not specified,Not specified,Yes,https://wicprogram.us/wic_programs-city/san_mateo_ca,2026-03-16,Swindar,
California,San Mateo,https://www.smcgov.org/,Not found,Not found,Not found,"Women, Infants and Children (WIC) Program",Tier 1 — Universal,"The Women, Infants and Children (WIC) Program is a supplemental nutrition education program to promote and maintain the health of pregnant, postpartum, and breastfeeding women, infants and children from birth to five years of age.","Low-income pregnant, postpartum, and breastfeeding women; infants and children",Not specified,Not specified,Not specified,Yes,https://wicprogram.us/program/update?id=6010,2026-03-16,Swindar,
California,Napa,https://www.countyofnapa.org/,Not found,Not found,707-253-4853,"Women, Infants & Children",Tier 1 — Universal,"Special Supplemental Nutrition Program for Women, Infants, and Children.","Low-income pregnant, postpartum, and breastfeeding women; infants and children.",Not specified,Not specified,Not specified,Yes,https://www.napacounty.gov/Directory.aspx?DID=93,2026-03-16,Swindar,
California,Nevada,https://www.mynevadacounty.com/,Nevada County Public Health,Not specified,(530) 265-1454,"Women, Infants and Children (WIC)",Tier 1 — Universal,"WIC is a health and nutrition program for babies and children under 5, pregnant women, and new mothers.","Low-income pregnant, postpartum, and breastfeeding women; infants and children under 5","Must be pregnant, breastfeeding, or have had a baby in the past 6 months; have children under 5 years of age; and have low to medium income or receive Medi-Cal, TANF, or CalFresh benefits.",Express interest using the online form or call for an appointment.,Proof of California residency is required.,Yes,https://www.nevadacountyca.gov/867/Women-Infants-Children-Program#tab82707f34-c20c-4339-bfa0-3d94faebd221_1,2026-03-16,Swindar,
California,Siskiyou,https://www.co.siskiyou.ca.us/,Siskiyou County Public Health Division,phinfo@co.siskiyou.ca.us,530-841-2134,Postpartum Depression,Maternal Mental Health,"Postpartum depression is a type of depression that happens after having a baby, affecting emotional well-being.",People who have recently given birth experiencing postpartum depression.,Not specified,Not specified,Not specified,Unknown,https://www.siskiyoucounty.gov/publichealth/page/postpartum-depression,2026-03-16,Swindar,
California,Siskiyou,https://www.co.siskiyou.ca.us/,Siskiyou County Public Health Division,phinfo@co.siskiyou.ca.us,530-841-2134,"Women, Infant, and Children (WIC)",Nutrition,"WIC provides nutritional support for low-income pregnant, postpartum, and breastfeeding women, infants, and children.","Low-income pregnant, postpartum, and breastfeeding women; infants and children.",Low-income status,Not specified,Not specified,Yes,https://www.siskiyoucounty.gov/publichealth/page/postpartum-depression,2026-03-16,Swindar,
California,Siskiyou,https://www.co.siskiyou.ca.us/,Siskiyou County Public Health Division,phinfo@co.siskiyou.ca.us,530-841-2134,"Women, Infant & Children (WIC)",Tier 1 — Universal,"Siskiyou County Women, Infants, and Children (WIC) is a federally funded program that provides healthy food benefits, nutrition education, breastfeeding support and family resources at no cost.","Low-income pregnant, postpartum, and breastfeeding women; infants and children.","Are pregnant, breastfeeding, just had a baby (or recent pregnancy loss); or have a child or care for a child under age 5; and have low-to-medium income or receive Medi-Cal, CalWORKs (TANF), or CalFresh (SNAP) benefits.",Contact us to schedule an appointment at one of the SCPH WIC locations.,Not specified,Yes,https://www.siskiyoucounty.gov/publichealth/page/women-infant-children-wic,2026-03-16,Swindar,
California,Solano,https://www.solanocounty.com/,Solano Public Health,Not found,Not found,"Women, Infant, & Children (WIC)",Tier 1 — Universal,"Special Supplemental Nutrition Program for Women, Infants, and Children.","Low-income pregnant, postpartum, and breastfeeding women; infants and children.",Not specified,how to apply or Not specified,Not specified,Yes,https://www.solanocounty.gov/government/health-social-services-department/solano-public-health/nutrition-services-bureau/women-infant-children-program-wic/apply-wic-english,2026-03-16,Swindar,
California,Solano,https://www.solanocounty.com/,Solano Public Health,Not found,Not found,"Women, Infant, & Children (WIC)",Tier 1 — Universal,"Special Supplemental Nutrition Program for Women, Infants, and Children.","Low-income pregnant, postpartum, and breastfeeding women; infants and children.",Not specified,Not specified,Not specified,Yes,https://www.solanocounty.gov/government/health-social-services-department/solano-public-health/nutrition-services/women-infant-children-program-wic/apply-wic-spanish,2026-03-16,Swindar,
California,Placer,https://www.placer.ca.gov/,Placer County Health and Human Services,Not found,530-889-7187,WIC Program - Auburn Office,Tier 1 — Universal,"Special Supplemental Nutrition Program for Women, Infants, and Children.","Low-income pregnant, postpartum, and breastfeeding women; infants and children.",Not specified,Not specified,Not specified,Yes,https://www.placer.ca.gov/Directory.aspx?DID=108,2026-03-16,Swindar,
California,Placer,https://www.placer.ca.gov/,Placer County Health and Human Services,Not found,530-889-7187,WIC Program - Kings Beach Office,Tier 1 — Universal,"Special Supplemental Nutrition Program for Women, Infants, and Children.","Low-income pregnant, postpartum, and breastfeeding women; infants and children.",Not specified,Not specified,Not specified,Yes,https://www.placer.ca.gov/Directory.aspx?DID=111,2026-03-16,Swindar,
California,Placer,https://www.placer.ca.gov/,Placer County Health and Human Services,Not found,530-889-7187,WIC Program - Lincoln Office,Tier 1 — Universal,"Special Supplemental Nutrition Program for Women, Infants, and Children.","Low-income pregnant, postpartum, and breastfeeding women; infants and children.",Not specified,Not specified,Not specified,Yes,https://www.placer.ca.gov/Directory.aspx?DID=110,2026-03-16,Swindar,
California,Placer,https://www.placer.ca.gov/,Placer County Health and Human Services,Not found,530-889-7187,Breastfeeding Peer Counselor,Tier 1 — Universal,New moms receive one-on-one help and support from our Peer Counselor program.,"Low-income pregnant, postpartum, and breastfeeding women",Not specified,Not specified,Not specified,Unknown,https://www.placer.ca.gov/6755/Breastfeeding-Peer-Counselor,2026-03-16,Swindar,
California,Placer,https://www.placer.ca.gov/,Placer County Health and Human Services,Not found,530-889-7187,WIC Program - Rocklin Office,Tier 1 — Universal,"Special Supplemental Nutrition Program for Women, Infants, and Children.","Low-income pregnant, postpartum, and breastfeeding women; infants and children.",Not specified,Not specified,Not specified,Yes,https://www.placer.ca.gov/Directory.aspx?DID=109,2026-03-16,Swindar,
California,Placer,https://www.placer.ca.gov/,Placer County Health and Human Services,Not found,530-889-7187,"Women, Infants, & Children (WIC)",Tier 1 — Universal,"WIC is a Supplemental Nutrition Program to help families eat well, be active and stay healthy.","Low-income pregnant, postpartum, and breastfeeding women; infants and children up to age 5.",Eligibility is based on income and being in one of the categories such as a pregnant woman or a child up to age 5.,Apply for benefits online or contact the WIC Program for an enrollment appointment.,"Identification, proof of address, proof of income.",Yes,https://www.placer.ca.gov/WIC#tab89928359-ec54-4fce-a740-a02117f4ba20_3,2026-03-16,Swindar,
California,Sonoma,https://sonomacounty.ca.gov/,Sonoma County Department of Health Services,lucy.tyrala@sonomacounty.gov,(707) 565-4554,California Family Pact Program,Tier 2 — State-wide,Provides free birth control and other health services to eligible community members.,Eligible community members,Not specified,Can help you sign up for Family Pact at Sonoma County Health Clinics.,Not specified,Yes,https://sonomacounty.gov/health-and-human-services/health-services/divisions/public-health/maternal-child-and-adolescent-health/birth-control,2026-03-16,Swindar,
California,Sonoma,https://sonomacounty.ca.gov/,Sonoma County Department of Health Services,lucy.tyrala@sonomacounty.gov,(707) 565-4554,Emergency Contraception,UNMATCHED,"Helps keep you from getting pregnant if you had sex without using birth control, or if your birth control method did not work.",Individuals needing emergency contraception,Not specified,Not specified,Not specified,Unknown,https://sonomacounty.gov/health-and-human-services/health-services/divisions/public-health/maternal-child-and-adolescent-health/birth-control,2026-03-16,Swindar,
California,Sonoma,https://sonomacounty.ca.gov/,Sonoma County Department of Health Services,lucy.tyrala@sonomacounty.gov,(707) 565-4554,Planned Parenthood,UNMATCHED,"Offers education about birth control, abortion, and sexual health and well-being.",Individuals seeking sexual health education,Not specified,Not specified,Not specified,Unknown,https://sonomacounty.gov/health-and-human-services/health-services/divisions/public-health/maternal-child-and-adolescent-health/birth-control,2026-03-16,Swindar,
California,Sonoma,https://sonomacounty.ca.gov/,Sonoma County Department of Health Services,lucy.tyrala@sonomacounty.gov,(707) 565-4554,Comprehensive Perinatal Services Program,Tier 2 — State-wide,"The Comprehensive Perinatal Services Program (CPSP) provides supportive and educational services for pregnant women with Medi-Cal coverage, from conception through 60 days postpartum.",Pregnant women with Medi-Cal coverage,Medi-Cal coverage,Not specified,Not specified,Yes,https://sonomacounty.gov/health-and-human-services/health-services/divisions/public-health/maternal-child-and-adolescent-health/comprehensive-perinatal-services-program,2026-03-16,Swindar,
California,Sonoma,https://sonomacounty.ca.gov/,Sonoma County Department of Health Services,lucy.tyrala@sonomacounty.gov,(707) 565-4554,Sonoma County Perinatal Mental Health Toolkit,Tier 3 — Selective,"The Sonoma County Perinatal Mental Health Toolkit begins with preventive interventions and ends with educational resources to underscore the importance and effectiveness of education and prevention to reduce the risk of perinatal anxiety and depression on mothers, fathers or other caregivers, and their infants.",Pregnant and postpartum individuals experiencing mental health challenges,Not specified,Not specified,Not specified,Unknown,https://sonomacounty.gov/health-and-human-services/health-services/divisions/public-health/maternal-child-and-adolescent-health/resources-and-toolkits-for-perinatal-service-providers,2026-03-16,Swindar,
California,Sonoma,https://sonomacounty.ca.gov/,Sonoma County Department of Health Services,lucy.tyrala@sonomacounty.gov,(707) 565-4554,"Pregnancy and Substance Use, a Harm Reduction Toolkit",UNMATCHED,"This resource was created to promote the overall health and wellbeing of pregnant and parenting people who use drugs, their loved ones, and their service providers.",Pregnant and parenting people who use drugs,Not specified,Not specified,Not specified,Unknown,https://sonomacounty.gov/health-and-human-services/health-services/divisions/public-health/maternal-child-and-adolescent-health/resources-and-toolkits-for-perinatal-service-providers,2026-03-16,Swindar,
California,Sonoma,https://sonomacounty.ca.gov/,Sonoma County Department of Health Services,lucy.tyrala@sonomacounty.gov,(707) 565-4554,"Opioid Use Disorder Toolkit: Supporting the Public Health Response in Maternal, Child and Adolescent Health",UNMATCHED,"ASTHO, with support from the CDC National Center for Injury Prevention and Control, created this toolkit to train public health and maternal, child, and adolescent health partners on prevention strategies and community resources regarding the effects of substance use disorder on reproductive-aged women, pregnant women, and their infants.","Reproductive-aged women, pregnant women, and their infants",Not specified,Not specified,Not specified,Unknown,https://sonomacounty.gov/health-and-human-services/health-services/divisions/public-health/maternal-child-and-adolescent-health/resources-and-toolkits-for-perinatal-service-providers,2026-03-16,Swindar,
California,Marin,https://www.marincounty.org/,Not found,Not found,Not found,"Special Supplemental Nutrition Program for Women, Infants, and Children",Tier 1 — Universal,"Provides nutritional assistance and education to women, infants, and children.","Low-income pregnant, postpartum, and breastfeeding women; infants and children",Not specified,Not specified,Not specified,Yes,https://www.marincounty.org/health/wic#main-content,2026-03-16,Swindar,
